samples,features,estimator,neighbors,weight,accuracy
0.5,0.5,3,3,uniform,0.3043888888888889
0.5,0.5,3,3,distance,0.30744444444444446
0.5,0.5,3,5,uniform,0.3036111111111111
0.5,0.5,3,5,distance,0.30905555555555553
